{
  "metadata": {
    "instance_type": "t3.medium",
    "is_aws": true,
    "trials": 3,
    "timestamp": "2026-04-20 08:50:20"
  },
  "performance": {
    "accuracy": 0.8863,
    "training_time_sec": 0.6229999999999999,
    "inference_time_sec": 0.0030000000000000005,
    "throughput_pps": 3261739.9066666663,
    "avg_inference_latency_ms": 0.0003,
    "peak_memory_mb": 487.7233333333333,
    "avg_cpu_percent": 50.96666666666667
  },
  "variability": {
    "accuracy": 0.0,
    "training_time_sec": 0.005715476066494087,
    "inference_time_sec": 4.336808689942018e-19,
    "throughput_pps": 33721.61951196026,
    "avg_inference_latency_ms": 0.0,
    "peak_memory_mb": 9.275107666341247,
    "avg_cpu_percent": 0.024944382578493674
  },
  "cost_analysis": {
    "hourly_rate_usd": 0.0416,
    "cost_per_run_usd": 7e-06,
    "throughput_per_dollar": 465962843809.52
  }
}